Username,Email,Password,profile_name,iv_member_type,designation,wp_user_level,about_us,image_gallery_ids,address,latitude,longitude,city,postcode,country,web_site,_service_title_1,_service_description_1,_service_title_2,_service_description_2,_service_title_3,_service_description_3,company_type,Number_Employees,Legal_Entity,Company_Registration,Operating_Hours,Contacts,twitter,facebook,gplus,linkedin
albertsons,info2@sample.com,123456,Albertsons,corporate,,0,"Lorem ipsum dolor sit amet, consectetur adipisicing elit. Suscipit, maxime, excepturi, mollitia, voluptatibus similique aliquidautem laudantium sapiente ad enim ipsa modi labo rum accusantium deleniti neque architecto vitae.

Lorem ipsum dolor sit amet, consectetur adipisicing elit. Ea, nihil, dolores, culpa ullam vero ipsum placeat accusamus nemo itate id molestiae consectetur quae pariatur repudi andae vel ex quaerat nam iusto aliquid laborum quia adipisci aut ut imcati nisi deleniti tempore maxime sequi fugit reiciendis libero quo. Rerum, assumenda. 

Lorem ipsum dolor sit amet, consectetur adipisicing elit. Exercitationem, at nemo inventore temporibus corporis suscipit.",",,69,70,71","71 Hester St, New York, NY 10002, USA",40.7161005313,-73.9911535351,New York,10002,United States,www.demo.com,Farmer services,"No matter what grain you grow, no matter where you grow it, we offer solutions to meet the needs of grain producers around the world. A sampling of our offerings include:Grain marketingCrop protection and inputsAgronomy advisory services",Winter Maintenance ,"No matter what grain you grow, no matter where you grow it, we offer solutions to meet the needs of grain producers around the world. A sampling of our offerings include:Grain marketingCrop protection and inputsAgronomy advisory services","Financial & risk management
","No matter what grain you grow, no matter where you grow it, we offer solutions to meet the needs of grain producers around the world. A sampling of our offerings include:Grain marketingCrop protection and inputsAgronomy advisory services",Automotive,153000,Gesselschaft,HSD7589,10:00 AM - 5:00 PM,Mr Jhon,#,#,#,#
bechtel,info3@sample.com,123456,Bechtel,corporate,,0,"Lorem ipsum dolor sit amet, consectetur adipisicing elit. Suscipit, maxime, excepturi, mollitia, voluptatibus similique aliquidautem laudantium sapiente ad enim ipsa modi labo rum accusantium deleniti neque architecto vitae.

Lorem ipsum dolor sit amet, consectetur adipisicing elit. Ea, nihil, dolores, culpa ullam vero ipsum placeat accusamus nemo itate id molestiae consectetur quae pariatur repudi andae vel ex quaerat nam iusto aliquid laborum quia adipisci aut ut imcati nisi deleniti tempore maxime sequi fugit reiciendis libero quo. Rerum, assumenda. 

Lorem ipsum dolor sit amet, consectetur adipisicing elit. Exercitationem, at nemo inventore temporibus corporis suscipit.",",,69,70,71","71 Hester St, New York, NY 10002, USA",40.7161005313,-73.9911535351,New York,10002,United States,www.demo.com,Farmer services,"No matter what grain you grow, no matter where you grow it, we offer solutions to meet the needs of grain producers around the world. A sampling of our offerings include:Grain marketingCrop protection and inputsAgronomy advisory services",Winter Maintenance ,"No matter what grain you grow, no matter where you grow it, we offer solutions to meet the needs of grain producers around the world. A sampling of our offerings include:Grain marketingCrop protection and inputsAgronomy advisory services","Financial & risk management
","No matter what grain you grow, no matter where you grow it, we offer solutions to meet the needs of grain producers around the world. A sampling of our offerings include:Grain marketingCrop protection and inputsAgronomy advisory services",Capital Goods,153001,Gesselschaft,HSD7590,11:00 AM - 5:00 PM,Mr Jhon,#,#,#,#
mars,info4@sample.com,123456,Mars,corporate,,0,"Lorem ipsum dolor sit amet, consectetur adipisicing elit. Suscipit, maxime, excepturi, mollitia, voluptatibus similique aliquidautem laudantium sapiente ad enim ipsa modi labo rum accusantium deleniti neque architecto vitae.

Lorem ipsum dolor sit amet, consectetur adipisicing elit. Ea, nihil, dolores, culpa ullam vero ipsum placeat accusamus nemo itate id molestiae consectetur quae pariatur repudi andae vel ex quaerat nam iusto aliquid laborum quia adipisci aut ut imcati nisi deleniti tempore maxime sequi fugit reiciendis libero quo. Rerum, assumenda. 

Lorem ipsum dolor sit amet, consectetur adipisicing elit. Exercitationem, at nemo inventore temporibus corporis suscipit.",",,69,70,71","71 Hester St, New York, NY 10002, USA",40.7161005313,-73.9911535351,New York,10002,United States,www.demo.com,Farmer services,"No matter what grain you grow, no matter where you grow it, we offer solutions to meet the needs of grain producers around the world. A sampling of our offerings include:Grain marketingCrop protection and inputsAgronomy advisory services",Winter Maintenance ,"No matter what grain you grow, no matter where you grow it, we offer solutions to meet the needs of grain producers around the world. A sampling of our offerings include:Grain marketingCrop protection and inputsAgronomy advisory services","Financial & risk management
","No matter what grain you grow, no matter where you grow it, we offer solutions to meet the needs of grain producers around the world. A sampling of our offerings include:Grain marketingCrop protection and inputsAgronomy advisory services",Finance,153002,Gesselschaft,HSD7591,12:00 AM - 5:00 PM,Mr Jhon,#,#,#,#
ernst,info5@sample.com,123456,Ernst & Young,corporate,,0,"Lorem ipsum dolor sit amet, consectetur adipisicing elit. Suscipit, maxime, excepturi, mollitia, voluptatibus similique aliquidautem laudantium sapiente ad enim ipsa modi labo rum accusantium deleniti neque architecto vitae.

Lorem ipsum dolor sit amet, consectetur adipisicing elit. Ea, nihil, dolores, culpa ullam vero ipsum placeat accusamus nemo itate id molestiae consectetur quae pariatur repudi andae vel ex quaerat nam iusto aliquid laborum quia adipisci aut ut imcati nisi deleniti tempore maxime sequi fugit reiciendis libero quo. Rerum, assumenda. 

Lorem ipsum dolor sit amet, consectetur adipisicing elit. Exercitationem, at nemo inventore temporibus corporis suscipit.",",,69,70,71","71 Hester St, New York, NY 10002, USA",40.7161005313,-73.9911535351,New York,10002,United States,www.demo.com,Farmer services,"No matter what grain you grow, no matter where you grow it, we offer solutions to meet the needs of grain producers around the world. A sampling of our offerings include:Grain marketingCrop protection and inputsAgronomy advisory services",Winter Maintenance ,"No matter what grain you grow, no matter where you grow it, we offer solutions to meet the needs of grain producers around the world. A sampling of our offerings include:Grain marketingCrop protection and inputsAgronomy advisory services","Financial & risk management
","No matter what grain you grow, no matter where you grow it, we offer solutions to meet the needs of grain producers around the world. A sampling of our offerings include:Grain marketingCrop protection and inputsAgronomy advisory services",Healthcare,153003,Gesselschaft,HSD7592,13:00 AM - 5:00 PM,Mr Jhon,#,#,#,#
us_foods,info6@sample.com,123456,US Foods,corporate,,0,"Lorem ipsum dolor sit amet, consectetur adipisicing elit. Suscipit, maxime, excepturi, mollitia, voluptatibus similique aliquidautem laudantium sapiente ad enim ipsa modi labo rum accusantium deleniti neque architecto vitae.

Lorem ipsum dolor sit amet, consectetur adipisicing elit. Ea, nihil, dolores, culpa ullam vero ipsum placeat accusamus nemo itate id molestiae consectetur quae pariatur repudi andae vel ex quaerat nam iusto aliquid laborum quia adipisci aut ut imcati nisi deleniti tempore maxime sequi fugit reiciendis libero quo. Rerum, assumenda. 

Lorem ipsum dolor sit amet, consectetur adipisicing elit. Exercitationem, at nemo inventore temporibus corporis suscipit.",",,69,70,71","71 Hester St, New York, NY 10002, USA",40.7161005313,-73.9911535351,New York,10002,United States,www.demo.com,Farmer services,"No matter what grain you grow, no matter where you grow it, we offer solutions to meet the needs of grain producers around the world. A sampling of our offerings include:Grain marketingCrop protection and inputsAgronomy advisory services",Winter Maintenance ,"No matter what grain you grow, no matter where you grow it, we offer solutions to meet the needs of grain producers around the world. A sampling of our offerings include:Grain marketingCrop protection and inputsAgronomy advisory services","Financial & risk management
","No matter what grain you grow, no matter where you grow it, we offer solutions to meet the needs of grain producers around the world. A sampling of our offerings include:Grain marketingCrop protection and inputsAgronomy advisory services",Technology,153004,Gesselschaft,HSD7593,14:00 AM - 5:00 PM,Mr Jhon,#,#,#,#
hebuttgrocery,info7@sample.com,123456,HE Butt Grocery,corporate,,0,"Lorem ipsum dolor sit amet, consectetur adipisicing elit. Suscipit, maxime, excepturi, mollitia, voluptatibus similique aliquidautem laudantium sapiente ad enim ipsa modi labo rum accusantium deleniti neque architecto vitae.

Lorem ipsum dolor sit amet, consectetur adipisicing elit. Ea, nihil, dolores, culpa ullam vero ipsum placeat accusamus nemo itate id molestiae consectetur quae pariatur repudi andae vel ex quaerat nam iusto aliquid laborum quia adipisci aut ut imcati nisi deleniti tempore maxime sequi fugit reiciendis libero quo. Rerum, assumenda. 

Lorem ipsum dolor sit amet, consectetur adipisicing elit. Exercitationem, at nemo inventore temporibus corporis suscipit.",",,69,70,71","71 Hester St, New York, NY 10002, USA",40.7161005313,-73.9911535351,New York,10002,United States,www.demo.com,Farmer services,"No matter what grain you grow, no matter where you grow it, we offer solutions to meet the needs of grain producers around the world. A sampling of our offerings include:Grain marketingCrop protection and inputsAgronomy advisory services",Winter Maintenance ,"No matter what grain you grow, no matter where you grow it, we offer solutions to meet the needs of grain producers around the world. A sampling of our offerings include:Grain marketingCrop protection and inputsAgronomy advisory services","Financial & risk management
","No matter what grain you grow, no matter where you grow it, we offer solutions to meet the needs of grain producers around the world. A sampling of our offerings include:Grain marketingCrop protection and inputsAgronomy advisory services",Consumer Services,153005,Gesselschaft,HSD7594,15:00 AM - 5:00 PM,Mr Jhon,#,#,#,#
meijer,info08@sample.com,123456,Meijer,corporate,,0,"Lorem ipsum dolor sit amet, consectetur adipisicing elit. Suscipit, maxime, excepturi, mollitia, voluptatibus similique aliquidautem laudantium sapiente ad enim ipsa modi labo rum accusantium deleniti neque architecto vitae.

Lorem ipsum dolor sit amet, consectetur adipisicing elit. Ea, nihil, dolores, culpa ullam vero ipsum placeat accusamus nemo itate id molestiae consectetur quae pariatur repudi andae vel ex quaerat nam iusto aliquid laborum quia adipisci aut ut imcati nisi deleniti tempore maxime sequi fugit reiciendis libero quo. Rerum, assumenda. 

Lorem ipsum dolor sit amet, consectetur adipisicing elit. Exercitationem, at nemo inventore temporibus corporis suscipit.",",,69,70,71","71 Hester St, New York, NY 10002, USA",40.7161005313,-73.9911535351,New York,10002,United States,www.demo.com,Farmer services,"No matter what grain you grow, no matter where you grow it, we offer solutions to meet the needs of grain producers around the world. A sampling of our offerings include:Grain marketingCrop protection and inputsAgronomy advisory services",Winter Maintenance ,"No matter what grain you grow, no matter where you grow it, we offer solutions to meet the needs of grain producers around the world. A sampling of our offerings include:Grain marketingCrop protection and inputsAgronomy advisory services","Financial & risk management
","No matter what grain you grow, no matter where you grow it, we offer solutions to meet the needs of grain producers around the world. A sampling of our offerings include:Grain marketingCrop protection and inputsAgronomy advisory services",Transportation,153006,Gesselschaft,HSD7595,16:00 AM - 5:00 PM,Mr Jhon,#,#,#,#
enterprise,in9fo8@sample.com,123456,Enterprise Holdings,corporate,,0,"Lorem ipsum dolor sit amet, consectetur adipisicing elit. Suscipit, maxime, excepturi, mollitia, voluptatibus similique aliquidautem laudantium sapiente ad enim ipsa modi labo rum accusantium deleniti neque architecto vitae.

Lorem ipsum dolor sit amet, consectetur adipisicing elit. Ea, nihil, dolores, culpa ullam vero ipsum placeat accusamus nemo itate id molestiae consectetur quae pariatur repudi andae vel ex quaerat nam iusto aliquid laborum quia adipisci aut ut imcati nisi deleniti tempore maxime sequi fugit reiciendis libero quo. Rerum, assumenda. 

Lorem ipsum dolor sit amet, consectetur adipisicing elit. Exercitationem, at nemo inventore temporibus corporis suscipit.",",,69,70,72","72 Hester St, New York, NY 10002, USA",41.7161005313,-72.9911535351,New York,10003,United States,www.demo.com,Farmer services,"No matter what grain you grow, no matter where you grow it, we offer solutions to meet the needs of grain producers around the world. A sampling of our offerings include:Grain marketingCrop protection and inputsAgronomy advisory services",Winter Maintenance ,"No matter what grain you grow, no matter where you grow it, we offer solutions to meet the needs of grain producers around the world. A sampling of our offerings include:Grain marketingCrop protection and inputsAgronomy advisory services","Financial & risk management
","No matter what grain you grow, no matter where you grow it, we offer solutions to meet the needs of grain producers around the world. A sampling of our offerings include:Grain marketingCrop protection and inputsAgronomy advisory services",Agriculture,153007,Gesselschaft,HSD7596,17:00 AM - 5:00 PM,Mr Jhon,#,#,#,#
